{
  "lang":"en",
  "name":"pipeline",
  "version":"0.0.0",
  "spacy_version":">=3.6.1,<3.7.0",
  "description":"",
  "author":"",
  "email":"",
  "url":"",
  "license":"",
  "spacy_git_version":"458bc5f45",
  "vectors":{
    "width":0,
    "vectors":0,
    "keys":0,
    "name":null,
    "mode":"default"
  },
  "labels":{
    "tok2vec":[

    ],
    "ner":[
      "COMPOSITION",
      "DOSAGE",
      "DRUGNAME",
      "SIZE",
      "TYPE"
    ]
  },
  "pipeline":[
    "tok2vec",
    "ner"
  ],
  "components":[
    "tok2vec",
    "ner"
  ],
  "disabled":[

  ],
  "performance":{
    "ents_f":0.9915878023,
    "ents_p":0.9905462185,
    "ents_r":0.9926315789,
    "ents_per_type":{
      "DRUGNAME":{
        "p":0.9975429975,
        "r":0.9975429975,
        "f":0.9975429975
      },
      "TYPE":{
        "p":0.9868131868,
        "r":0.9846491228,
        "f":0.9857299671
      },
      "DOSAGE":{
        "p":0.9947229551,
        "r":1.0,
        "f":0.9973544974
      },
      "SIZE":{
        "p":0.993993994,
        "r":0.9969879518,
        "f":0.9954887218
      },
      "COMPOSITION":{
        "p":0.9875195008,
        "r":0.9906103286,
        "f":0.9890625
      }
    },
    "tok2vec_loss":563.3027407068,
    "ner_loss":863.3222290122
  }
}